category	term	number_of_genes	number_of_genes_in_background	ncbiTaxonId	inputGenes	preferredNames	p_value	fdr	description
COMPARTMENTS	GOCC:0005783	12	1095	9606	CYP51A1,TMEM97,SQLE,SIGMAR1,HSD3B7,ITPR1,HSPA5,LBR,DHCR7,HSD3B1,NSDHL,ITPR3	CYP51A1,TMEM97,SQLE,SIGMAR1,HSD3B7,ITPR1,HSPA5,LBR,DHCR7,HSD3B1,NSDHL,ITPR3	4.27e-09	9.83e-06	Endoplasmic reticulum
COMPARTMENTS	GOCC:0016021	12	1507	9606	ERG28,SQLE,SIGMAR1,HSPA9,ITPR1,HSPA5,KCNA4,LBR,DRD2,ITPR3,VDAC1,OPRM1	ERG28,SQLE,SIGMAR1,HSPA9,ITPR1,HSPA5,KCNA4,LBR,DRD2,ITPR3,VDAC1,OPRM1	1.45e-07	0.00017	Integral component of membrane
COMPARTMENTS	GOCC:0042175	8	560	9606	SQLE,HSD3B7,ITPR1,HSPA5,LBR,DHCR7,HSD3B1,ITPR3	SQLE,HSD3B7,ITPR1,HSPA5,LBR,DHCR7,HSD3B1,ITPR3	4.45e-07	0.00026	Nuclear outer membrane-endoplasmic reticulum membrane network
COMPARTMENTS	GOCC:0016020	20	5715	9606	CYP51A1,TMEM97,ERG28,SQLE,SIGMAR1,TM7SF2,HSPA9,HSD3B7,ITPR1,HSPA5,KCNA4,LBR,DHCR7,ANK2,DRD2,HSD3B1,ITPR3,VDAC1,OPRM1,KCNH6	CYP51A1,TMEM97,ERG28,SQLE,SIGMAR1,TM7SF2,HSPA9,HSD3B7,ITPR1,HSPA5,KCNA4,LBR,DHCR7,ANK2,DRD2,HSD3B1,ITPR3,VDAC1,OPRM1,KCNH6	6.05e-07	0.00028	Membrane
COMPARTMENTS	GOCC:0012505	15	3156	9606	CYP51A1,TMEM97,SQLE,SIGMAR1,TM7SF2,TMBIM4,HSD3B7,ITPR1,HSPA5,LBR,DHCR7,HSD3B1,NSDHL,ITPR3,OPRM1	CYP51A1,TMEM97,SQLE,SIGMAR1,TM7SF2,TMBIM4,HSD3B7,ITPR1,HSPA5,LBR,DHCR7,HSD3B1,NSDHL,ITPR3,OPRM1	1.56e-06	0.0006	Endomembrane system
COMPARTMENTS	GOCC:0031090	13	2290	9606	TMEM97,SQLE,TM7SF2,HSPA9,HSD3B7,ITPR1,HSPA5,LBR,DHCR7,DRD2,HSD3B1,ITPR3,VDAC1	TMEM97,SQLE,TM7SF2,HSPA9,HSD3B7,ITPR1,HSPA5,LBR,DHCR7,DRD2,HSD3B1,ITPR3,VDAC1	1.72e-06	0.0006	Organelle membrane
COMPARTMENTS	GOCC:0031984	8	739	9606	SQLE,TMBIM4,HSD3B7,ITPR1,HSPA5,LBR,HSD3B1,ITPR3	SQLE,TMBIM4,HSD3B7,ITPR1,HSPA5,LBR,HSD3B1,ITPR3	3.47e-06	0.0009	Organelle subcompartment
COMPARTMENTS	GOCC:0098827	7	502	9606	SQLE,HSD3B7,ITPR1,HSPA5,LBR,HSD3B1,ITPR3	SQLE,HSD3B7,ITPR1,HSPA5,LBR,HSD3B1,ITPR3	3.14e-06	0.0009	Endoplasmic reticulum subcompartment
COMPARTMENTS	GOCC:0005789	7	538	9606	SQLE,HSD3B7,ITPR1,HSPA5,LBR,HSD3B1,ITPR3	SQLE,HSD3B7,ITPR1,HSPA5,LBR,HSD3B1,ITPR3	4.93e-06	0.0011	Endoplasmic reticulum membrane
COMPARTMENTS	GOCC:0031967	8	832	9606	TMEM97,SIGMAR1,TM7SF2,HSPA9,LBR,DHCR7,HSD3B1,VDAC1	TMEM97,SIGMAR1,TM7SF2,HSPA9,LBR,DHCR7,HSD3B1,VDAC1	8.25e-06	0.0017	Organelle envelope
COMPARTMENTS	GOCC:0005635	5	313	9606	TMEM97,SIGMAR1,TM7SF2,LBR,DHCR7	TMEM97,SIGMAR1,TM7SF2,LBR,DHCR7	5.26e-05	0.0093	Nuclear envelope
COMPARTMENTS	GOCC:0031095	2	8	9606	ITPR1,ITPR3	ITPR1,ITPR3	7.47e-05	0.0123	Platelet dense tubular network membrane
COMPARTMENTS	GOCC:1990425	2	8	9606	ITPR1,ITPR3	ITPR1,ITPR3	7.47e-05	0.0123	Ryanodine receptor complex
COMPARTMENTS	GOCC:0031965	4	184	9606	TMEM97,TM7SF2,LBR,DHCR7	TMEM97,TM7SF2,LBR,DHCR7	0.0001	0.0146	Nuclear membrane
COMPARTMENTS	GOCC:0098796	8	1353	9606	CYP51A1,HSPA9,ITPR1,HSPA5,KCNA4,ITPR3,VDAC1,OPRM1	CYP51A1,HSPA9,ITPR1,HSPA5,KCNA4,ITPR3,VDAC1,OPRM1	0.00026	0.0327	Membrane protein complex
Process	GO:0006694	13	116	9606	CYP51A1,ERG28,MSMO1,SC5D,SQLE,TM7SF2,HSD3B7,FAXDC2,LBR,DHCR7,HSD3B1,NSDHL,CH25H	CYP51A1,ERG28,MSMO1,SC5D,SQLE,TM7SF2,HSD3B7,FAXDC2,LBR,DHCR7,HSD3B1,NSDHL,CH25H	2.08e-22	3.27e-18	Steroid biosynthetic process
Process	GO:0016126	11	45	9606	CYP51A1,ERG28,MSMO1,SC5D,SQLE,TM7SF2,FAXDC2,LBR,DHCR7,NSDHL,CH25H	CYP51A1,ERG28,MSMO1,SC5D,SQLE,TM7SF2,FAXDC2,LBR,DHCR7,NSDHL,CH25H	2.54e-22	3.27e-18	Sterol biosynthetic process
Process	GO:1901617	12	172	9606	CYP51A1,ERG28,MSMO1,SC5D,SQLE,TM7SF2,HSD3B7,FAXDC2,LBR,DHCR7,NSDHL,CH25H	CYP51A1,ERG28,MSMO1,SC5D,SQLE,TM7SF2,HSD3B7,FAXDC2,LBR,DHCR7,NSDHL,CH25H	2.6e-18	1.36e-14	Organic hydroxy compound biosynthetic process
Process	GO:1901615	13	478	9606	CYP51A1,ERG28,MSMO1,SC5D,SQLE,TM7SF2,HSD3B7,FAXDC2,LBR,DHCR7,DRD2,NSDHL,CH25H	CYP51A1,ERG28,MSMO1,SC5D,SQLE,TM7SF2,HSD3B7,FAXDC2,LBR,DHCR7,DRD2,NSDHL,CH25H	9.32e-15	2.44e-11	Organic hydroxy compound metabolic process
Process	GO:0008203	9	119	9606	CYP51A1,MSMO1,SC5D,SQLE,TM7SF2,LBR,DHCR7,NSDHL,CH25H	CYP51A1,MSMO1,SC5D,SQLE,TM7SF2,LBR,DHCR7,NSDHL,CH25H	4.37e-14	9.78e-11	Cholesterol metabolic process
Process	GO:0006695	7	38	9606	CYP51A1,MSMO1,SC5D,TM7SF2,LBR,DHCR7,NSDHL	CYP51A1,MSMO1,SC5D,TM7SF2,LBR,DHCR7,NSDHL	1.26e-13	1.97e-10	Cholesterol biosynthetic process
Process	GO:0044283	8	446	9606	CYP51A1,MSMO1,SC5D,TM7SF2,HSD3B7,LBR,DHCR7,NSDHL	CYP51A1,MSMO1,SC5D,TM7SF2,HSD3B7,LBR,DHCR7,NSDHL	8.04e-08	7.88e-05	Small molecule biosynthetic process
Process	GO:0044281	11	1645	9606	CYP51A1,MSMO1,SC5D,SQLE,TM7SF2,HSD3B7,LBR,DHCR7,NSDHL,CH25H,VDAC1	CYP51A1,MSMO1,SC5D,SQLE,TM7SF2,HSD3B7,LBR,DHCR7,NSDHL,CH25H,VDAC1	3.33e-06	0.0031	Small molecule metabolic process
Process	GO:1901360	14	3181	9606	CYP51A1,ERG28,MSMO1,SC5D,SQLE,TM7SF2,HSD3B7,FAXDC2,LBR,DHCR7,DRD2,HSD3B1,NSDHL,CH25H	CYP51A1,ERG28,MSMO1,SC5D,SQLE,TM7SF2,HSD3B7,FAXDC2,LBR,DHCR7,DRD2,HSD3B1,NSDHL,CH25H	1.15e-05	0.009	Organic cyclic compound metabolic process
Process	GO:0006816	5	246	9606	ITPR1,ANK2,DRD2,ITPR3,OPRM1	ITPR1,ANK2,DRD2,ITPR3,OPRM1	1.69e-05	0.0123	Calcium ion transport
Process	GO:0030001	7	649	9606	ITPR1,KCNA4,ANK2,DRD2,ITPR3,OPRM1,KCNH6	ITPR1,KCNA4,ANK2,DRD2,ITPR3,OPRM1,KCNH6	1.65e-05	0.0123	Metal ion transport
Process	GO:0033489	2	4	9606	SC5D,DHCR7	SC5D,DHCR7	2.5e-05	0.017	Cholesterol biosynthetic process via desmosterol
Process	GO:0033490	2	4	9606	SC5D,DHCR7	SC5D,DHCR7	2.5e-05	0.017	Cholesterol biosynthetic process via lathosterol
Process	GO:0051282	4	130	9606	ITPR1,ANK2,DRD2,ITPR3	ITPR1,ANK2,DRD2,ITPR3	2.71e-05	0.017	Regulation of sequestering of calcium ion
Process	GO:0042220	3	47	9606	HSPA5,DRD2,OPRM1	HSPA5,DRD2,OPRM1	3.82e-05	0.0231	Response to cocaine
Process	GO:0034765	6	504	9606	KCNA4,ANK2,DRD2,VDAC1,OPRM1,KCNH6	KCNA4,ANK2,DRD2,VDAC1,OPRM1,KCNH6	4.3e-05	0.025	Regulation of ion transmembrane transport
Process	GO:0007270	2	6	9606	DRD2,VDAC1	DRD2,VDAC1	4.66e-05	0.0261	Neuron-neuron synaptic transmission
Process	GO:0035754	2	6	9606	HSD3B7,CH25H	HSD3B7,CH25H	4.66e-05	0.0261	B cell chemotaxis
Process	GO:0051209	3	52	9606	ITPR1,DRD2,ITPR3	ITPR1,DRD2,ITPR3	5.1e-05	0.0261	Release of sequestered calcium ion into cytosol
Process	GO:0050709	3	62	9606	CYP51A1,DRD2,OPRM1	CYP51A1,DRD2,OPRM1	8.41e-05	0.04	Negative regulation of protein secretion
Process	GO:0048149	2	9	9606	DRD2,OPRM1	DRD2,OPRM1	9.12e-05	0.0421	Behavioral response to ethanol
Component	GO:0005789	18	1157	9606	CYP51A1,TMEM97,ERG28,MSMO1,SC5D,SQLE,SIGMAR1,TM7SF2,HSD3B7,ITPR1,FAXDC2,HSPA5,LBR,DHCR7,HSD3B1,NSDHL,CH25H,ITPR3	CYP51A1,TMEM97,ERG28,MSMO1,SC5D,SQLE,SIGMAR1,TM7SF2,HSD3B7,ITPR1,FAXDC2,HSPA5,LBR,DHCR7,HSD3B1,NSDHL,CH25H,ITPR3	7.8e-17	1.6e-13	Endoplasmic reticulum membrane
Component	GO:0031984	19	1479	9606	CYP51A1,TMEM97,ERG28,MSMO1,SC5D,SQLE,SIGMAR1,TM7SF2,TMBIM4,HSD3B7,ITPR1,FAXDC2,HSPA5,LBR,DHCR7,HSD3B1,NSDHL,CH25H,ITPR3	CYP51A1,TMEM97,ERG28,MSMO1,SC5D,SQLE,SIGMAR1,TM7SF2,TMBIM4,HSD3B7,ITPR1,FAXDC2,HSPA5,LBR,DHCR7,HSD3B1,NSDHL,CH25H,ITPR3	1.89e-16	1.6e-13	Organelle subcompartment
Component	GO:0005783	19	2021	9606	CYP51A1,TMEM97,ERG28,MSMO1,SC5D,SQLE,SIGMAR1,TM7SF2,HSD3B7,ITPR1,FAXDC2,HSPA5,LBR,DHCR7,HSD3B1,NSDHL,CH25H,ITPR3,OPRM1	CYP51A1,TMEM97,ERG28,MSMO1,SC5D,SQLE,SIGMAR1,TM7SF2,HSD3B7,ITPR1,FAXDC2,HSPA5,LBR,DHCR7,HSD3B1,NSDHL,CH25H,ITPR3,OPRM1	5.64e-14	2.31e-11	Endoplasmic reticulum
Component	GO:0016021	25	5670	9606	CYP51A1,TMEM97,ERG28,MSMO1,SC5D,SQLE,SIGMAR1,TM7SF2,TMBIM4,HSPA9,HSD3B7,ITPR1,FAXDC2,HSPA5,KCNA4,LBR,DHCR7,DRD2,HSD3B1,NSDHL,CH25H,ITPR3,VDAC1,OPRM1,KCNH6	CYP51A1,TMEM97,ERG28,MSMO1,SC5D,SQLE,SIGMAR1,TM7SF2,TMBIM4,HSPA9,HSD3B7,ITPR1,FAXDC2,HSPA5,KCNA4,LBR,DHCR7,DRD2,HSD3B1,NSDHL,CH25H,ITPR3,VDAC1,OPRM1,KCNH6	5.89e-13	2.01e-10	Integral component of membrane
Component	GO:0031090	22	3673	9606	CYP51A1,TMEM97,ERG28,MSMO1,SC5D,SQLE,SIGMAR1,TM7SF2,TMBIM4,HSPA9,HSD3B7,ITPR1,FAXDC2,HSPA5,LBR,DHCR7,DRD2,HSD3B1,NSDHL,CH25H,ITPR3,VDAC1	CYP51A1,TMEM97,ERG28,MSMO1,SC5D,SQLE,SIGMAR1,TM7SF2,TMBIM4,HSPA9,HSD3B7,ITPR1,FAXDC2,HSPA5,LBR,DHCR7,DRD2,HSD3B1,NSDHL,CH25H,ITPR3,VDAC1	6.44e-13	2.01e-10	Organelle membrane
Component	GO:0012505	22	4721	9606	CYP51A1,TMEM97,ERG28,MSMO1,SC5D,SQLE,SIGMAR1,TM7SF2,TMBIM4,HSD3B7,ITPR1,FAXDC2,HSPA5,LBR,DHCR7,ANK2,DRD2,HSD3B1,NSDHL,CH25H,ITPR3,OPRM1	CYP51A1,TMEM97,ERG28,MSMO1,SC5D,SQLE,SIGMAR1,TM7SF2,TMBIM4,HSD3B7,ITPR1,FAXDC2,HSPA5,LBR,DHCR7,ANK2,DRD2,HSD3B1,NSDHL,CH25H,ITPR3,OPRM1	1.23e-10	2.8e-08	Endomembrane system
Component	GO:0016020	26	9523	9606	CYP51A1,TMEM97,ERG28,MSMO1,SC5D,SQLE,SIGMAR1,TM7SF2,TMBIM4,HSPA9,HSD3B7,ITPR1,FAXDC2,HSPA5,KCNA4,LBR,DHCR7,ANK2,DRD2,HSD3B1,NSDHL,CH25H,ITPR3,VDAC1,OPRM1,KCNH6	CYP51A1,TMEM97,ERG28,MSMO1,SC5D,SQLE,SIGMAR1,TM7SF2,TMBIM4,HSPA9,HSD3B7,ITPR1,FAXDC2,HSPA5,KCNA4,LBR,DHCR7,ANK2,DRD2,HSD3B1,NSDHL,CH25H,ITPR3,VDAC1,OPRM1,KCNH6	6.32e-09	1.29e-06	Membrane
Component	GO:0031965	7	305	9606	TMEM97,SIGMAR1,TM7SF2,ITPR1,LBR,DHCR7,ITPR3	TMEM97,SIGMAR1,TM7SF2,ITPR1,LBR,DHCR7,ITPR3	1.18e-07	2.19e-05	Nuclear membrane
Component	GO:0005637	4	65	9606	SIGMAR1,TM7SF2,ITPR1,LBR	SIGMAR1,TM7SF2,ITPR1,LBR	1.93e-06	0.00033	Nuclear inner membrane
Component	GO:0031967	10	1262	9606	TMEM97,SIGMAR1,TM7SF2,HSPA9,ITPR1,LBR,DHCR7,HSD3B1,ITPR3,VDAC1	TMEM97,SIGMAR1,TM7SF2,HSPA9,ITPR1,LBR,DHCR7,HSD3B1,ITPR3,VDAC1	2.46e-06	0.00039	Organelle envelope
Component	GO:0005640	3	29	9606	SIGMAR1,DHCR7,ITPR3	SIGMAR1,DHCR7,ITPR3	9.83e-06	0.0013	Nuclear outer membrane
Component	GO:0031968	5	236	9606	SIGMAR1,HSPA9,DHCR7,ITPR3,VDAC1	SIGMAR1,HSPA9,DHCR7,ITPR3,VDAC1	1.39e-05	0.0017	Organelle outer membrane
Component	GO:0019866	6	566	9606	SIGMAR1,TM7SF2,HSPA9,ITPR1,LBR,HSD3B1	SIGMAR1,TM7SF2,HSPA9,ITPR1,LBR,HSD3B1	8.13e-05	0.0088	Organelle inner membrane
Component	GO:0031095	2	9	9606	ITPR1,ITPR3	ITPR1,ITPR3	9.12e-05	0.0093	Platelet dense tubular network membrane
Component	GO:0098794	6	621	9606	SIGMAR1,ITPR1,KCNA4,ANK2,DRD2,OPRM1	SIGMAR1,ITPR1,KCNA4,ANK2,DRD2,OPRM1	0.00013	0.0126	Postsynapse
Component	GO:0031301	5	392	9606	TM7SF2,HSPA9,HSPA5,LBR,DHCR7	TM7SF2,HSPA9,HSPA5,LBR,DHCR7	0.00015	0.0133	Integral component of organelle membrane
Component	GO:0098588	10	2125	9606	TMEM97,SIGMAR1,TMBIM4,HSPA9,ITPR1,DHCR7,DRD2,HSD3B1,ITPR3,VDAC1	TMEM97,SIGMAR1,TMBIM4,HSPA9,ITPR1,DHCR7,DRD2,HSD3B1,ITPR3,VDAC1	0.00022	0.0183	Bounding membrane of organelle
Component	GO:0005811	3	100	9606	SIGMAR1,HSD3B7,NSDHL	SIGMAR1,HSD3B7,NSDHL	0.00033	0.0259	Lipid droplet
Component	GO:0005737	24	12056	9606	CYP51A1,TMEM97,ERG28,MSMO1,SC5D,SQLE,SIGMAR1,TM7SF2,TMBIM4,HSPA9,HSD3B7,ITPR1,FAXDC2,HSPA5,LBR,DHCR7,ANK2,DRD2,HSD3B1,NSDHL,CH25H,ITPR3,VDAC1,OPRM1	CYP51A1,TMEM97,ERG28,MSMO1,SC5D,SQLE,SIGMAR1,TM7SF2,TMBIM4,HSPA9,HSD3B7,ITPR1,FAXDC2,HSPA5,LBR,DHCR7,ANK2,DRD2,HSD3B1,NSDHL,CH25H,ITPR3,VDAC1,OPRM1	0.00043	0.0316	Cytoplasm
Component	GO:0045211	4	268	9606	SIGMAR1,ANK2,DRD2,OPRM1	SIGMAR1,ANK2,DRD2,OPRM1	0.00042	0.0316	Postsynaptic membrane
Component	GO:0043231	24	12149	9606	CYP51A1,TMEM97,ERG28,MSMO1,SC5D,SQLE,SIGMAR1,TM7SF2,TMBIM4,HSPA9,HSD3B7,ITPR1,FAXDC2,HSPA5,LBR,DHCR7,ANK2,DRD2,HSD3B1,NSDHL,CH25H,ITPR3,VDAC1,OPRM1	CYP51A1,TMEM97,ERG28,MSMO1,SC5D,SQLE,SIGMAR1,TM7SF2,TMBIM4,HSPA9,HSD3B7,ITPR1,FAXDC2,HSPA5,LBR,DHCR7,ANK2,DRD2,HSD3B1,NSDHL,CH25H,ITPR3,VDAC1,OPRM1	0.0005	0.0354	Intracellular membrane-bounded organelle
Function	GO:0016491	12	731	9606	CYP51A1,MSMO1,SC5D,SQLE,TM7SF2,HSD3B7,FAXDC2,LBR,DHCR7,HSD3B1,NSDHL,CH25H	CYP51A1,MSMO1,SC5D,SQLE,TM7SF2,HSD3B7,FAXDC2,LBR,DHCR7,HSD3B1,NSDHL,CH25H	4.44e-11	2.19e-07	Oxidoreductase activity
Function	GO:0000254	3	3	9606	MSMO1,FAXDC2,CH25H	MSMO1,FAXDC2,CH25H	4.06e-08	0.0001	C-4 methylsterol oxidase activity
Function	GO:0003854	3	6	9606	HSD3B7,HSD3B1,NSDHL	HSD3B7,HSD3B1,NSDHL	1.7e-07	0.00019	3-beta-hydroxy-delta5-steroid dehydrogenase activity
Function	GO:0016705	6	177	9606	CYP51A1,MSMO1,SC5D,SQLE,FAXDC2,CH25H	CYP51A1,MSMO1,SC5D,SQLE,FAXDC2,CH25H	1.16e-07	0.00019	Oxidoreductase activity, acting on paired donors, with incorporation or reduction of molecular oxygen
Function	GO:0004497	5	103	9606	CYP51A1,MSMO1,SQLE,FAXDC2,CH25H	CYP51A1,MSMO1,SQLE,FAXDC2,CH25H	2.69e-07	0.00022	Monooxygenase activity
Function	GO:0005506	5	155	9606	CYP51A1,MSMO1,SC5D,FAXDC2,CH25H	CYP51A1,MSMO1,SC5D,FAXDC2,CH25H	1.89e-06	0.0013	Iron ion binding
Function	GO:0022836	6	340	9606	ITPR1,KCNA4,ITPR3,VDAC1,OPRM1,KCNH6	ITPR1,KCNA4,ITPR3,VDAC1,OPRM1,KCNH6	4.77e-06	0.0029	Gated channel activity
Function	GO:0016628	3	29	9606	TM7SF2,LBR,DHCR7	TM7SF2,LBR,DHCR7	9.83e-06	0.0054	Oxidoreductase activity, acting on the CH-CH group of donors, NAD or NADP as acceptor
Function	GO:0050613	2	2	9606	TM7SF2,LBR	TM7SF2,LBR	1e-05	0.0054	delta14-sterol reductase activity
Function	GO:0005220	2	3	9606	ITPR1,ITPR3	ITPR1,ITPR3	1.67e-05	0.0068	Inositol 1,4,5-trisphosphate-sensitive calcium-release channel activity
Function	GO:0005216	6	437	9606	ITPR1,KCNA4,ITPR3,VDAC1,OPRM1,KCNH6	ITPR1,KCNA4,ITPR3,VDAC1,OPRM1,KCNH6	1.95e-05	0.0074	Ion channel activity
Function	GO:0004985	2	5	9606	SIGMAR1,OPRM1	SIGMAR1,OPRM1	3.49e-05	0.0114	G protein-coupled opioid receptor activity
Function	GO:0050661	3	52	9606	TM7SF2,LBR,DHCR7	TM7SF2,LBR,DHCR7	5.1e-05	0.014	NADP binding
Function	GO:0005261	5	337	9606	ITPR1,KCNA4,ITPR3,OPRM1,KCNH6	ITPR1,KCNA4,ITPR3,OPRM1,KCNH6	7.42e-05	0.0193	Cation channel activity
Function	GO:0005244	4	201	9606	KCNA4,VDAC1,OPRM1,KCNH6	KCNA4,VDAC1,OPRM1,KCNH6	0.00014	0.0332	Voltage-gated ion channel activity
Function	GO:0070679	2	13	9606	ITPR1,ITPR3	ITPR1,ITPR3	0.00017	0.0372	Inositol 1,4,5 trisphosphate binding
Function	GO:0046873	5	432	9606	ITPR1,KCNA4,ITPR3,OPRM1,KCNH6	ITPR1,KCNA4,ITPR3,OPRM1,KCNH6	0.00023	0.048	Metal ion transmembrane transporter activity
Function	GO:0043178	3	91	9606	ITPR1,ITPR3,VDAC1	ITPR1,ITPR3,VDAC1	0.00025	0.0496	Alcohol binding
TISSUES	BTO:0000759	13	2125	9606	CYP51A1,MSMO1,SC5D,SQLE,SIGMAR1,HSPA9,ITPR1,HSPA5,DHCR7,ANK2,NSDHL,ITPR3,VDAC1	CYP51A1,MSMO1,SC5D,SQLE,SIGMAR1,HSPA9,ITPR1,HSPA5,DHCR7,ANK2,NSDHL,ITPR3,VDAC1	7.32e-07	0.0018	Liver
TISSUES	BTO:0001488	19	6403	9606	CYP51A1,TMEM97,ERG28,MSMO1,SC5D,SQLE,SIGMAR1,TM7SF2,TMBIM4,HSPA9,ITPR1,HSPA5,LBR,DHCR7,ANK2,HSD3B1,NSDHL,ITPR3,VDAC1	CYP51A1,TMEM97,ERG28,MSMO1,SC5D,SQLE,SIGMAR1,TM7SF2,TMBIM4,HSPA9,ITPR1,HSPA5,LBR,DHCR7,ANK2,HSD3B1,NSDHL,ITPR3,VDAC1	2.71e-05	0.0273	Endocrine gland
TISSUES	BTO:0001489	26	13099	9606	CYP51A1,TMEM97,ERG28,MSMO1,SC5D,SQLE,SIGMAR1,TM7SF2,TMBIM4,HSPA9,HSD3B7,ITPR1,FAXDC2,HSPA5,KCNA4,LBR,DHCR7,ANK2,DRD2,HSD3B1,NSDHL,CH25H,ITPR3,VDAC1,OPRM1,KCNH6	CYP51A1,TMEM97,ERG28,MSMO1,SC5D,SQLE,SIGMAR1,TM7SF2,TMBIM4,HSPA9,HSD3B7,ITPR1,FAXDC2,HSPA5,KCNA4,LBR,DHCR7,ANK2,DRD2,HSD3B1,NSDHL,CH25H,ITPR3,VDAC1,OPRM1,KCNH6	2.49e-05	0.0273	Whole body
TISSUES	BTO:0001491	17	5378	9606	CYP51A1,ERG28,MSMO1,SC5D,SQLE,SIGMAR1,TMBIM4,HSPA9,HSD3B7,ITPR1,HSPA5,LBR,DHCR7,ANK2,NSDHL,ITPR3,VDAC1	CYP51A1,ERG28,MSMO1,SC5D,SQLE,SIGMAR1,TMBIM4,HSPA9,HSD3B7,ITPR1,HSPA5,LBR,DHCR7,ANK2,NSDHL,ITPR3,VDAC1	5.71e-05	0.0273	Viscus
TISSUES	BTO:0001862	2	8	9606	DRD2,OPRM1	DRD2,OPRM1	7.47e-05	0.0273	Nucleus accumbens
TISSUES	BTO:0004702	2	4	9606	DRD2,OPRM1	DRD2,OPRM1	2.5e-05	0.0273	Ventral striatum
TISSUES	BTO:0000142	17	5733	9606	CYP51A1,TMEM97,MSMO1,SC5D,SIGMAR1,TM7SF2,HSPA9,ITPR1,FAXDC2,HSPA5,LBR,DHCR7,ANK2,DRD2,VDAC1,OPRM1,KCNH6	CYP51A1,TMEM97,MSMO1,SC5D,SIGMAR1,TM7SF2,HSPA9,ITPR1,FAXDC2,HSPA5,LBR,DHCR7,ANK2,DRD2,VDAC1,OPRM1,KCNH6	0.00014	0.0371	Brain
TISSUES	BTO:0004238	4	201	9606	HSPA9,HSPA5,HSD3B1,VDAC1	HSPA9,HSPA5,HSD3B1,VDAC1	0.00014	0.0371	Interstitial cell
TISSUES	BTO:0000282	18	6642	9606	CYP51A1,TMEM97,MSMO1,SC5D,SIGMAR1,TM7SF2,HSPA9,ITPR1,FAXDC2,HSPA5,LBR,DHCR7,ANK2,DRD2,NSDHL,VDAC1,OPRM1,KCNH6	CYP51A1,TMEM97,MSMO1,SC5D,SIGMAR1,TM7SF2,HSPA9,ITPR1,FAXDC2,HSPA5,LBR,DHCR7,ANK2,DRD2,NSDHL,VDAC1,OPRM1,KCNH6	0.00023	0.0475	Head
DISEASES	DOID:3146	5	72	9606	MSMO1,SC5D,HSD3B7,DHCR7,NSDHL	MSMO1,SC5D,HSD3B7,DHCR7,NSDHL	4.9e-08	0.00023	Lipid metabolism disorder
DISEASES	DOID:0014667	9	1076	9606	MSMO1,SC5D,TM7SF2,HSD3B7,LBR,DHCR7,DRD2,NSDHL,ITPR3	MSMO1,SC5D,TM7SF2,HSD3B7,LBR,DHCR7,DRD2,NSDHL,ITPR3	5.95e-06	0.0137	Disease of metabolism
DISEASES	DOID:0111588	2	3	9606	TM7SF2,LBR	TM7SF2,LBR	1.67e-05	0.0153	Greenberg dysplasia
DISEASES	DOID:0111822	2	3	9606	MSMO1,NSDHL	MSMO1,NSDHL	1.67e-05	0.0153	CHILD syndrome
DISEASES	DOID:0111898	2	3	9606	MSMO1,NSDHL	MSMO1,NSDHL	1.67e-05	0.0153	CK syndrome
DISEASES	DOID:12403	2	2	9606	CYP51A1,SQLE	CYP51A1,SQLE	1e-05	0.0153	Tinea pedis
DISEASES	DOID:14692	2	3	9606	SC5D,DHCR7	SC5D,DHCR7	1.67e-05	0.0153	Smith-Lemli-Opitz syndrome
DISEASES	DOID:655	8	949	9606	MSMO1,SC5D,TM7SF2,HSD3B7,LBR,DHCR7,NSDHL,ITPR3	MSMO1,SC5D,TM7SF2,HSD3B7,LBR,DHCR7,NSDHL,ITPR3	2.13e-05	0.0153	Inherited metabolic disorder
DISEASES	DOID:8485	2	2	9606	CYP51A1,HSPA5	CYP51A1,HSPA5	1e-05	0.0153	Mucormycosis
DISEASES	DOID:1564	3	52	9606	CYP51A1,SQLE,HSPA5	CYP51A1,SQLE,HSPA5	5.1e-05	0.0195	Fungal infectious disease
DISEASES	DOID:0050741	2	8	9606	DRD2,OPRM1	DRD2,OPRM1	7.47e-05	0.0264	Alcohol dependence
DISEASES	DOID:4	18	6291	9606	CYP51A1,MSMO1,SC5D,SQLE,SIGMAR1,TM7SF2,TMBIM4,HSD3B7,ITPR1,HSPA5,KCNA4,LBR,DHCR7,ANK2,DRD2,NSDHL,ITPR3,OPRM1	CYP51A1,MSMO1,SC5D,SQLE,SIGMAR1,TM7SF2,TMBIM4,HSD3B7,ITPR1,HSPA5,KCNA4,LBR,DHCR7,ANK2,DRD2,NSDHL,ITPR3,OPRM1	0.00011	0.0352	Disease
Keyword	KW-0756	9	26	9606	CYP51A1,ERG28,MSMO1,SC5D,TM7SF2,LBR,DHCR7,NSDHL,CH25H	CYP51A1,ERG28,MSMO1,SC5D,TM7SF2,LBR,DHCR7,NSDHL,CH25H	1.74e-19	1.17e-16	Sterol biosynthesis
Keyword	KW-0753	10	98	9606	CYP51A1,ERG28,MSMO1,SC5D,TM7SF2,LBR,DHCR7,HSD3B1,NSDHL,CH25H	CYP51A1,ERG28,MSMO1,SC5D,TM7SF2,LBR,DHCR7,HSD3B1,NSDHL,CH25H	7.8e-17	1.75e-14	Steroid metabolism
Keyword	KW-0256	17	1168	9606	CYP51A1,TMEM97,ERG28,MSMO1,SC5D,SQLE,SIGMAR1,TM7SF2,HSD3B7,ITPR1,HSPA5,LBR,DHCR7,HSD3B1,NSDHL,CH25H,ITPR3	CYP51A1,TMEM97,ERG28,MSMO1,SC5D,SQLE,SIGMAR1,TM7SF2,HSD3B7,ITPR1,HSPA5,LBR,DHCR7,HSD3B1,NSDHL,CH25H,ITPR3	2.89e-15	3.88e-13	Endoplasmic reticulum
Keyword	KW-0560	11	570	9606	CYP51A1,MSMO1,SC5D,SQLE,TM7SF2,HSD3B7,LBR,DHCR7,HSD3B1,NSDHL,CH25H	CYP51A1,MSMO1,SC5D,SQLE,TM7SF2,HSD3B7,LBR,DHCR7,HSD3B1,NSDHL,CH25H	6.82e-11	6.55e-09	Oxidoreductase
Keyword	KW-0152	5	20	9606	CYP51A1,TM7SF2,LBR,DHCR7,NSDHL	CYP51A1,TM7SF2,LBR,DHCR7,NSDHL	1.38e-10	1.16e-08	Cholesterol biosynthesis
Keyword	KW-0812	22	5067	9606	CYP51A1,TMEM97,ERG28,MSMO1,SC5D,SIGMAR1,TM7SF2,TMBIM4,HSD3B7,ITPR1,FAXDC2,KCNA4,LBR,DHCR7,DRD2,HSD3B1,NSDHL,CH25H,ITPR3,VDAC1,OPRM1,KCNH6	CYP51A1,TMEM97,ERG28,MSMO1,SC5D,SIGMAR1,TM7SF2,TMBIM4,HSD3B7,ITPR1,FAXDC2,KCNA4,LBR,DHCR7,DRD2,HSD3B1,NSDHL,CH25H,ITPR3,VDAC1,OPRM1,KCNH6	5.32e-10	3.57e-08	Transmembrane
Keyword	KW-0472	24	7068	9606	CYP51A1,TMEM97,ERG28,MSMO1,SC5D,SQLE,SIGMAR1,TM7SF2,TMBIM4,HSD3B7,ITPR1,FAXDC2,KCNA4,LBR,DHCR7,ANK2,DRD2,HSD3B1,NSDHL,CH25H,ITPR3,VDAC1,OPRM1,KCNH6	CYP51A1,TMEM97,ERG28,MSMO1,SC5D,SQLE,SIGMAR1,TM7SF2,TMBIM4,HSD3B7,ITPR1,FAXDC2,KCNA4,LBR,DHCR7,ANK2,DRD2,HSD3B1,NSDHL,CH25H,ITPR3,VDAC1,OPRM1,KCNH6	2.97e-09	1.81e-07	Membrane
Keyword	KW-1133	21	5040	9606	CYP51A1,TMEM97,ERG28,MSMO1,SC5D,SIGMAR1,TM7SF2,TMBIM4,HSD3B7,ITPR1,FAXDC2,KCNA4,LBR,DHCR7,DRD2,HSD3B1,NSDHL,CH25H,ITPR3,OPRM1,KCNH6	CYP51A1,TMEM97,ERG28,MSMO1,SC5D,SIGMAR1,TM7SF2,TMBIM4,HSD3B7,ITPR1,FAXDC2,KCNA4,LBR,DHCR7,DRD2,HSD3B1,NSDHL,CH25H,ITPR3,OPRM1,KCNH6	6.18e-09	3.46e-07	Transmembrane helix
Keyword	KW-0520	4	184	9606	MSMO1,HSD3B7,HSD3B1,NSDHL	MSMO1,HSD3B7,HSD3B1,NSDHL	0.0001	0.0049	NAD
Keyword	KW-0755	2	11	9606	HSD3B7,HSD3B1	HSD3B7,HSD3B1	0.00013	0.0058	Steroidogenesis
Keyword	KW-0408	4	311	9606	CYP51A1,MSMO1,SC5D,CH25H	CYP51A1,MSMO1,SC5D,CH25H	0.00072	0.0304	Iron
Keyword	KW-0492	3	132	9606	CYP51A1,SQLE,TM7SF2	CYP51A1,SQLE,TM7SF2	0.00073	0.0304	Microsome
Keyword	KW-0407	4	348	9606	ITPR1,KCNA4,ITPR3,KCNH6	ITPR1,KCNA4,ITPR3,KCNH6	0.0011	0.0408	Ion channel
Keyword	KW-0406	5	628	9606	ITPR1,KCNA4,ITPR3,VDAC1,KCNH6	ITPR1,KCNA4,ITPR3,VDAC1,KCNH6	0.0013	0.0445	Ion transport
Keyword	KW-0521	3	170	9606	TM7SF2,DHCR7,HSD3B1	TM7SF2,DHCR7,HSD3B1	0.0015	0.0499	NADP
KEGG	hsa00100	8	20	9606	CYP51A1,MSMO1,SC5D,SQLE,TM7SF2,LBR,DHCR7,NSDHL	CYP51A1,MSMO1,SC5D,SQLE,TM7SF2,LBR,DHCR7,NSDHL	8.42e-18	2.83e-15	Steroid biosynthesis
KEGG	hsa04927	4	65	9606	ITPR1,KCNA4,HSD3B1,ITPR3	ITPR1,KCNA4,HSD3B1,ITPR3	1.93e-06	0.00032	Cortisol synthesis and secretion
KEGG	hsa01100	10	1435	9606	CYP51A1,MSMO1,SC5D,SQLE,TM7SF2,HSD3B7,LBR,DHCR7,HSD3B1,NSDHL	CYP51A1,MSMO1,SC5D,SQLE,TM7SF2,HSD3B7,LBR,DHCR7,HSD3B1,NSDHL	7.72e-06	0.00086	Metabolic pathways
KEGG	hsa05012	5	236	9606	ITPR1,HSPA5,DRD2,ITPR3,VDAC1	ITPR1,HSPA5,DRD2,ITPR3,VDAC1	1.39e-05	0.0012	Parkinson disease
KEGG	hsa04934	4	153	9606	ITPR1,KCNA4,HSD3B1,ITPR3	ITPR1,KCNA4,HSD3B1,ITPR3	5.04e-05	0.0034	Cushing syndrome
KEGG	hsa04918	3	73	9606	ITPR1,HSPA5,ITPR3	ITPR1,HSPA5,ITPR3	0.00013	0.0075	Thyroid hormone synthesis
KEGG	hsa04540	3	87	9606	ITPR1,DRD2,ITPR3	ITPR1,DRD2,ITPR3	0.00022	0.0106	Gap junction
KEGG	hsa00120	2	17	9606	HSD3B7,CH25H	HSD3B7,CH25H	0.00028	0.0116	Primary bile acid biosynthesis
KEGG	hsa04925	3	94	9606	ITPR1,HSD3B1,ITPR3	ITPR1,HSD3B1,ITPR3	0.00028	0.0116	Aldosterone synthesis and secretion
KEGG	hsa05020	4	263	9606	ITPR1,HSPA5,ITPR3,VDAC1	ITPR1,HSPA5,ITPR3,VDAC1	0.00039	0.013	Prion disease
KEGG	hsa04728	3	126	9606	ITPR1,DRD2,ITPR3	ITPR1,DRD2,ITPR3	0.00064	0.0194	Dopaminergic synapse
KEGG	hsa04915	3	133	9606	ITPR1,ITPR3,OPRM1	ITPR1,ITPR3,OPRM1	0.00074	0.0208	Estrogen signaling pathway
KEGG	hsa05017	3	135	9606	ITPR1,ITPR3,VDAC1	ITPR1,ITPR3,VDAC1	0.00077	0.0208	Spinocerebellar ataxia
KEGG	hsa04218	3	150	9606	ITPR1,ITPR3,VDAC1	ITPR1,ITPR3,VDAC1	0.001	0.025	Cellular senescence
KEGG	hsa05014	4	350	9606	SIGMAR1,HSPA5,ITPR3,VDAC1	SIGMAR1,HSPA5,ITPR3,VDAC1	0.0011	0.025	Amyotrophic lateral sclerosis
KEGG	hsa04022	3	163	9606	ITPR1,ITPR3,VDAC1	ITPR1,ITPR3,VDAC1	0.0013	0.0277	cGMP-PKG signaling pathway
KEGG	hsa04621	3	173	9606	ITPR1,ITPR3,VDAC1	ITPR1,ITPR3,VDAC1	0.0016	0.0309	NOD-like receptor signaling pathway
KEGG	hsa04020	3	191	9606	ITPR1,ITPR3,VDAC1	ITPR1,ITPR3,VDAC1	0.0021	0.0385	Calcium signaling pathway
KEGG	hsa05205	3	194	9606	ITPR1,ANK2,ITPR3	ITPR1,ANK2,ITPR3	0.0022	0.0385	Proteoglycans in cancer
KEGG	hsa04730	2	59	9606	ITPR1,ITPR3	ITPR1,ITPR3	0.0029	0.049	Long-term depression
KEGG	hsa05131	3	218	9606	ITPR1,ITPR3,VDAC1	ITPR1,ITPR3,VDAC1	0.003	0.049	Shigellosis
InterPro	IPR006694	4	6	9606	MSMO1,SC5D,FAXDC2,CH25H	MSMO1,SC5D,FAXDC2,CH25H	4.95e-10	3.56e-06	Fatty acid hydroxylase
InterPro	IPR001171	3	3	9606	TM7SF2,LBR,DHCR7	TM7SF2,LBR,DHCR7	4.06e-08	0.00015	Sterol biosynthesis ERG24/DHCR-like
InterPro	IPR018083	3	3	9606	TM7SF2,LBR,DHCR7	TM7SF2,LBR,DHCR7	4.06e-08	0.00015	Sterol reductase, conserved site
InterPro	IPR002225	3	6	9606	HSD3B7,HSD3B1,NSDHL	HSD3B7,HSD3B1,NSDHL	1.7e-07	0.00031	3-beta hydroxysteroid dehydrogenase/isomerase
InterPro	IPR005821	4	107	9606	ITPR1,KCNA4,ITPR3,KCNH6	ITPR1,KCNA4,ITPR3,KCNH6	1.29e-05	0.0185	Ion transport domain
InterPro	IPR000493	2	3	9606	ITPR1,ITPR3	ITPR1,ITPR3	1.67e-05	0.0199	Inositol 1,4,5-trisphosphate receptor
InterPro	IPR000699	2	6	9606	ITPR1,ITPR3	ITPR1,ITPR3	4.66e-05	0.0478	RIH domain
InterPro	IPR013662	2	6	9606	ITPR1,ITPR3	ITPR1,ITPR3	4.66e-05	0.0478	RyR/IP3R Homology associated domain
InterPro	IPR014821	2	6	9606	ITPR1,ITPR3	ITPR1,ITPR3	4.66e-05	0.0478	Inositol 1,4,5-trisphosphate/ryanodine receptor
InterPro	IPR015925	2	6	9606	ITPR1,ITPR3	ITPR1,ITPR3	4.66e-05	0.0478	Ryanodine/Inositol 1,4,5-trisphosphate receptor
InterPro	IPR035910	2	6	9606	ITPR1,ITPR3	ITPR1,ITPR3	4.66e-05	0.0478	RyR/IP3 receptor binding core, RIH domain superfamily
Pfam	PF04116	4	6	9606	MSMO1,SC5D,FAXDC2,CH25H	MSMO1,SC5D,FAXDC2,CH25H	4.95e-10	1.14e-06	Fatty acid hydroxylase
Pfam	PF06966	2	3	9606	TM7SF2,LBR	TM7SF2,LBR	1.67e-05	0.0193	Protein of unknown function (DUF1295)
Pfam	PF01365	2	6	9606	ITPR1,ITPR3	ITPR1,ITPR3	4.66e-05	0.0359	RIH domain
Pfam	PF08454	2	6	9606	ITPR1,ITPR3	ITPR1,ITPR3	4.66e-05	0.0359	RyR and IP3R Homology associated
PMID	PMID:26869505	15	76	9606	CYP51A1,ERG28,MSMO1,SQLE,SIGMAR1,TM7SF2,ITPR1,HSPA5,KCNA4,LBR,ANK2,DRD2,NSDHL,ITPR3,OPRM1	CYP51A1,ERG28,MSMO1,SQLE,SIGMAR1,TM7SF2,ITPR1,HSPA5,KCNA4,LBR,ANK2,DRD2,NSDHL,ITPR3,OPRM1	2.01e-29	1.03e-22	(2016) The Sigma-1 Receptor as a Pluripotent Modulator in Living Systems.
PMID	PMID:29360540	9	26	9606	TMEM97,SIGMAR1,ITPR1,HSPA5,KCNA4,ANK2,DRD2,ITPR3,OPRM1	TMEM97,SIGMAR1,ITPR1,HSPA5,KCNA4,ANK2,DRD2,ITPR3,OPRM1	1.74e-19	4.47e-13	(2018) The sigma-1 receptor as a regulator of dopamine neurotransmission: A potential therapeutic target for methamphetamine addiction.
PMID	PMID:36993765	10	70	9606	CYP51A1,TMEM97,ERG28,MSMO1,SC5D,SQLE,TM7SF2,LBR,DHCR7,NSDHL	CYP51A1,TMEM97,ERG28,MSMO1,SC5D,SQLE,TM7SF2,LBR,DHCR7,NSDHL	3.39e-18	4.61e-12	(2023) Leveraging gene correlations in single cell transcriptomic data.
PMID	PMID:25393872	9	37	9606	CYP51A1,MSMO1,SC5D,SQLE,TM7SF2,HSD3B7,LBR,DHCR7,NSDHL	CYP51A1,MSMO1,SC5D,SQLE,TM7SF2,HSD3B7,LBR,DHCR7,NSDHL	2.69e-18	4.61e-12	(2014) Hidden disease susceptibility and sexual dimorphism in the heterozygous knockout of Cyp51 from cholesterol synthesis.
PMID	PMID:21451815	8	20	9606	CYP51A1,MSMO1,SC5D,SQLE,LBR,DHCR7,NSDHL,CH25H	CYP51A1,MSMO1,SC5D,SQLE,LBR,DHCR7,NSDHL,CH25H	8.42e-18	8.66e-12	(2011) Modeling cholesterol metabolism by gene expression profiling in the hippocampus.
PMID	PMID:33628817	8	23	9606	CYP51A1,MSMO1,SC5D,SQLE,TM7SF2,LBR,DHCR7,NSDHL	CYP51A1,MSMO1,SC5D,SQLE,TM7SF2,LBR,DHCR7,NSDHL	2.13e-17	1.83e-11	(2021) Using Elevated Cholesterol Synthesis as a Prognostic Marker in Wilms Tumor: A Bioinformatic Analysis.
PMID	PMID:18682733	7	11	9606	ERG28,MSMO1,SQLE,SIGMAR1,TM7SF2,LBR,NSDHL	ERG28,MSMO1,SQLE,SIGMAR1,TM7SF2,LBR,NSDHL	9.01e-17	6.62e-11	(2008) Preservation of genes involved in sterol metabolism in cholesterol auxotrophs: facts and hypotheses.
PMID	PMID:37312679	8	30	9606	CYP51A1,MSMO1,SC5D,SQLE,TM7SF2,DHCR7,NSDHL,CH25H	CYP51A1,MSMO1,SC5D,SQLE,TM7SF2,DHCR7,NSDHL,CH25H	1.31e-16	8.45e-11	(2023) Dietary Cholesterol Supplementation Inhibits the Steroid Biosynthesis but Does Not Affect the Cholesterol Transport in Two Marine Teleosts: A Hepatic Transcriptome Study.
PMID	PMID:21909385	7	13	9606	CYP51A1,MSMO1,SC5D,SQLE,TM7SF2,LBR,KCNH6	CYP51A1,MSMO1,SC5D,SQLE,TM7SF2,LBR,KCNH6	2.19e-16	1.25e-10	(2011) Next generation sequencing provides rapid access to the genome of Puccinia striiformis f. sp. tritici, the causal agent of wheat stripe rust.
PMID	PMID:23583456	8	34	9606	CYP51A1,MSMO1,SC5D,SQLE,TM7SF2,DHCR7,NSDHL,CH25H	CYP51A1,MSMO1,SC5D,SQLE,TM7SF2,DHCR7,NSDHL,CH25H	3.16e-16	1.63e-10	(2013) A comprehensive machine-readable view of the mammalian cholesterol biosynthesis pathway.
PMID	PMID:34075056	8	36	9606	CYP51A1,MSMO1,SC5D,SQLE,TM7SF2,HSD3B7,DHCR7,CH25H	CYP51A1,MSMO1,SC5D,SQLE,TM7SF2,HSD3B7,DHCR7,CH25H	4.74e-16	2.22e-10	(2021) Abnormal brain cholesterol homeostasis in Alzheimers disease-a targeted metabolomic and transcriptomic study.
PMID	PMID:23558541	7	15	9606	CYP51A1,MSMO1,SC5D,SQLE,LBR,DHCR7,NSDHL	CYP51A1,MSMO1,SC5D,SQLE,LBR,DHCR7,NSDHL	4.81e-16	2.22e-10	(2013) Steroidal triterpenes of cholesterol synthesis.
PMID	PMID:31178723	8	42	9606	TMEM97,SIGMAR1,ITPR1,HSPA5,KCNA4,ITPR3,OPRM1,KCNH6	TMEM97,SIGMAR1,ITPR1,HSPA5,KCNA4,ITPR3,OPRM1,KCNH6	1.43e-15	5.65e-10	(2019) The Roles of Intracellular Chaperone Proteins, Sigma Receptors, in Parkinsons Disease (PD) and Major Depressive Disorder (MDD).
PMID	PMID:37236669	7	19	9606	CYP51A1,MSMO1,SC5D,SQLE,TM7SF2,DHCR7,NSDHL	CYP51A1,MSMO1,SC5D,SQLE,TM7SF2,DHCR7,NSDHL	1.85e-15	6.79e-10	(2023) A new metabolic model of Drosophila melanogaster and the integrative analysis of Parkinsons disease.
PMID	PMID:32788456	7	19	9606	TMEM97,SIGMAR1,TMBIM4,ITPR1,HSPA5,ITPR3,KCNH6	TMEM97,SIGMAR1,TMBIM4,ITPR1,HSPA5,ITPR3,KCNH6	1.85e-15	6.79e-10	(2021) Sigma-1 receptor: culprit and rescuer in motor neuron diseases.
PMID	PMID:28484475	7	19	9606	CYP51A1,SC5D,SQLE,TM7SF2,DHCR7,HSD3B1,NSDHL	CYP51A1,SC5D,SQLE,TM7SF2,DHCR7,HSD3B1,NSDHL	1.85e-15	6.79e-10	(2017) De novo Sequencing and Transcriptome Analysis Reveal Key Genes Regulating Steroid Metabolism in Leaves, Roots, Adventitious Roots and Calli of Periploca sepium Bunge.
PMID	PMID:23125191	8	45	9606	CYP51A1,ERG28,MSMO1,SQLE,TM7SF2,LBR,NSDHL,KCNH6	CYP51A1,ERG28,MSMO1,SQLE,TM7SF2,LBR,NSDHL,KCNH6	2.35e-15	7.12e-10	(2013) Targeting C4-demethylating genes in the cholesterol pathway sensitizes cancer cells to EGF receptor inhibitors via increased EGF receptor degradation.
PMID	PMID:33260926	7	20	9606	TMEM97,SIGMAR1,TMBIM4,ITPR1,HSPA5,ITPR3,KCNH6	TMEM97,SIGMAR1,TMBIM4,ITPR1,HSPA5,ITPR3,KCNH6	2.49e-15	7.13e-10	(2020) Pan-Sigma Receptor Modulator RC-106 Induces Terminal Unfolded Protein Response In In Vitro Pancreatic Cancer Model.
PMID	PMID:27334049	7	21	9606	CYP51A1,MSMO1,SC5D,SQLE,TM7SF2,DHCR7,NSDHL	CYP51A1,MSMO1,SC5D,SQLE,TM7SF2,DHCR7,NSDHL	3.32e-15	9e-10	(2016) Cytochrome P450 metabolism of the post-lanosterol intermediates explains enigmas of cholesterol synthesis.
PMID	PMID:27878435	8	51	9606	CYP51A1,SC5D,SQLE,SIGMAR1,TM7SF2,HSD3B7,DHCR7,NSDHL	CYP51A1,SC5D,SQLE,SIGMAR1,TM7SF2,HSD3B7,DHCR7,NSDHL	5.86e-15	1.51e-09	(2017) Novel phenotypes and loci identified through clinical genomics approaches to pediatric cataract.
PMID	PMID:34305655	8	52	9606	TMEM97,SIGMAR1,ITPR1,HSPA5,KCNA4,ANK2,ITPR3,KCNH6	TMEM97,SIGMAR1,ITPR1,HSPA5,KCNA4,ANK2,ITPR3,KCNH6	6.75e-15	1.65e-09	(2021) Sigmar1s Molecular, Cellular, and Biological Functions in Regulating Cellular Pathophysiology.
PMID	PMID:37888291	6	8	9606	CYP51A1,ERG28,MSMO1,SQLE,TM7SF2,LBR	CYP51A1,ERG28,MSMO1,SQLE,TM7SF2,LBR	8.4e-15	1.96e-09	(2023) Evaluation of Antifungal Selective Toxicity Using Candida glabrata ERG25 and Human SC4MOL Knock-In Strains.
PMID	PMID:20054815	7	25	9606	CYP51A1,MSMO1,SQLE,LBR,DHCR7,NSDHL,CH25H	CYP51A1,MSMO1,SQLE,LBR,DHCR7,NSDHL,CH25H	9.41e-15	2.11e-09	(2010) Cholesterol homeostasis markers are localized to mouse hippocampal pyramidal and granule layers.
PMID	PMID:30867220	7	26	9606	CYP51A1,SC5D,SQLE,TM7SF2,LBR,DHCR7,NSDHL	CYP51A1,SC5D,SQLE,TM7SF2,LBR,DHCR7,NSDHL	1.19e-14	2.56e-09	(2019) Intratumoral Sterol-27-Hydroxylase (CYP27A1) Expression in Relation to Cholesterol Synthesis and Vitamin D Signaling and Its Association with Lethal Prostate Cancer.
PMID	PMID:24025456	7	26	9606	CYP51A1,MSMO1,SC5D,SQLE,TM7SF2,DHCR7,NSDHL	CYP51A1,MSMO1,SC5D,SQLE,TM7SF2,DHCR7,NSDHL	1.19e-14	2.56e-09	(2013) Sex differences in the hepatic cholesterol sensing mechanisms in mice.
PMID	PMID:35170763	8	61	9606	CYP51A1,MSMO1,SQLE,SIGMAR1,ITPR1,LBR,DHCR7,ITPR3	CYP51A1,MSMO1,SQLE,SIGMAR1,ITPR1,LBR,DHCR7,ITPR3	2.19e-14	4.33e-09	(2022) Order through destruction: how ER-associated protein degradation contributes to organelle homeostasis.
PMID	PMID:34690800	8	61	9606	CYP51A1,MSMO1,SC5D,SQLE,TM7SF2,DHCR7,NSDHL,CH25H	CYP51A1,MSMO1,SC5D,SQLE,TM7SF2,DHCR7,NSDHL,CH25H	2.19e-14	4.33e-09	(2021) Sterols, Oxysterols, and Accessible Cholesterol: Signalling for Homeostasis, in Immunity and During Development.
PMID	PMID:18545656	8	61	9606	CYP51A1,SC5D,SQLE,SIGMAR1,TM7SF2,DHCR7,HSD3B1,NSDHL	CYP51A1,SC5D,SQLE,SIGMAR1,TM7SF2,DHCR7,HSD3B1,NSDHL	2.19e-14	4.33e-09	(2008) Homeostatic imbalance between apoptosis and cell renewal in the liver of premature aging Xpd mice.
PMID	PMID:36768299	8	62	9606	TMEM97,SIGMAR1,TMBIM4,ITPR1,HSPA5,ANK2,ITPR3,KCNH6	TMEM97,SIGMAR1,TMBIM4,ITPR1,HSPA5,ANK2,ITPR3,KCNH6	2.47e-14	4.38e-09	(2023) Overview of Sigma-1R Subcellular Specific Biological Functions and Role in Neuroprotection.
PMID	PMID:35480310	7	30	9606	MSMO1,SQLE,TM7SF2,HSD3B7,DHCR7,HSD3B1,CH25H	MSMO1,SQLE,TM7SF2,HSD3B7,DHCR7,HSD3B1,CH25H	2.87e-14	4.81e-09	(2022) Transcriptome Analysis and Identification of the Cholesterol Side Chain Cleavage Enzyme BbgCYP11A1 From Bufo bufo gargarizans.
PMID	PMID:34440098	9	113	9606	CYP51A1,ERG28,MSMO1,SC5D,SQLE,TM7SF2,HSPA9,DHCR7,NSDHL	CYP51A1,ERG28,MSMO1,SC5D,SQLE,TM7SF2,HSPA9,DHCR7,NSDHL	2.81e-14	4.81e-09	(2021) Enzymes in the Cholesterol Synthesis Pathway: Interactomics in the Cancer Context.
PMID	PMID:37958553	6	12	9606	CYP51A1,SC5D,SQLE,TM7SF2,LBR,HSD3B1	CYP51A1,SC5D,SQLE,TM7SF2,LBR,HSD3B1	5.17e-14	8.32e-09	(2023) Arabidopsis 3beta-Hydroxysteroid DehydrogenasesC4-Decarboxylases Are Essential for the Pollen and Embryonic Development.
PMID	PMID:31387763	6	12	9606	TMEM97,SIGMAR1,HSPA5,KCNA4,ANK2,KCNH6	TMEM97,SIGMAR1,HSPA5,KCNA4,ANK2,KCNH6	5.17e-14	8.32e-09	(2019) The Molecular Function of sigma Receptors: Past, Present, and Future.
PMID	PMID:29493120	7	33	9606	CYP51A1,MSMO1,SC5D,TM7SF2,LBR,DHCR7,NSDHL	CYP51A1,MSMO1,SC5D,TM7SF2,LBR,DHCR7,NSDHL	5.18e-14	8.32e-09	(2018) Mitochondrial Acetyl-CoA Synthetase 3 is Biosignature of Gastric Cancer Progression.
PMID	PMID:35052668	7	36	9606	SIGMAR1,HSPA9,ITPR1,HSPA5,ITPR3,VDAC1,KCNH6	SIGMAR1,HSPA9,ITPR1,HSPA5,ITPR3,VDAC1,KCNH6	8.93e-14	1.31e-08	(2022) Therapeutic Strategies Targeting Mitochondrial Calcium Signaling: A New Hope for Neurological Diseases?
PMID	PMID:33499031	7	36	9606	TMEM97,SIGMAR1,TMBIM4,ITPR1,HSPA5,ANK2,ITPR3	TMEM97,SIGMAR1,TMBIM4,ITPR1,HSPA5,ANK2,ITPR3	8.93e-14	1.31e-08	(2021) Role of Sigma-1 Receptor in Calcium Modulation: Possible Involvement in Cancer.
PMID	PMID:38045361	7	37	9606	CYP51A1,MSMO1,SC5D,SQLE,TM7SF2,DHCR7,NSDHL	CYP51A1,MSMO1,SC5D,SQLE,TM7SF2,DHCR7,NSDHL	1.06e-13	1.48e-08	(2023) Temporal gene expression changes and affected pathways in neurodevelopment of a mouse model of Smith-Lemli-Opitz syndrome.
PMID	PMID:37401859	7	39	9606	SIGMAR1,HSPA9,HSD3B7,ITPR1,DHCR7,ITPR3,VDAC1	SIGMAR1,HSPA9,HSD3B7,ITPR1,DHCR7,ITPR3,VDAC1	1.48e-13	2e-08	(2023) ER-mitochondria contacts and cholesterol metabolism are disrupted by disease-associated tau protein.
PMID	PMID:35302175	6	15	9606	SIGMAR1,HSPA9,ITPR1,HSPA5,ITPR3,VDAC1	SIGMAR1,HSPA9,ITPR1,HSPA5,ITPR3,VDAC1	1.51e-13	2e-08	(2022) Sigma-1 receptor overexpression promotes proliferation and ameliorates cell apoptosis in beta-cells.
PMID	PMID:35519614	6	15	9606	MSMO1,SC5D,SQLE,TM7SF2,DHCR7,NSDHL	MSMO1,SC5D,SQLE,TM7SF2,DHCR7,NSDHL	1.51e-13	2e-08	(2022) Tetrandrine Prevents Neomycin-Induced Ototoxicity by Promoting Steroid Biosynthesis.
PMID	PMID:22022489	7	40	9606	CYP51A1,MSMO1,SC5D,SQLE,TM7SF2,DHCR7,NSDHL	CYP51A1,MSMO1,SC5D,SQLE,TM7SF2,DHCR7,NSDHL	1.74e-13	2.18e-08	(2011) Expression and localization of microRNAs in perinatal rat pancreas: role of miR-21 in regulation of cholesterol metabolism.
PMID	PMID:33732169	7	42	9606	CYP51A1,MSMO1,SC5D,SQLE,TM7SF2,DHCR7,NSDHL	CYP51A1,MSMO1,SC5D,SQLE,TM7SF2,DHCR7,NSDHL	2.37e-13	2.9e-08	(2021) Dietary Trivalent Chromium Exposure Up-Regulates Lipid Metabolism in Coral Trout: The Evidence From Transcriptome Analysis.
PMID	PMID:37753198	6	17	9606	TMEM97,SIGMAR1,TMBIM4,HSPA5,DRD2,OPRM1	TMEM97,SIGMAR1,TMBIM4,HSPA5,DRD2,OPRM1	2.8e-13	3.29e-08	(2023) Recent advances in drug discovery efforts targeting the sigma 1 receptor system: Implications for novel medications designed to reduce excessive drug and food seeking.
PMID	PMID:32958824	6	17	9606	CYP51A1,MSMO1,SC5D,SQLE,TM7SF2,DHCR7	CYP51A1,MSMO1,SC5D,SQLE,TM7SF2,DHCR7	2.8e-13	3.29e-08	(2020) Genkwadaphnin inhibits growth and invasion in hepatocellular carcinoma by blocking DHCR24-mediated cholesterol biosynthesis and lipid rafts formation.
PMID	PMID:25542004	7	43	9606	CYP51A1,MSMO1,SC5D,SQLE,TM7SF2,DHCR7,NSDHL	CYP51A1,MSMO1,SC5D,SQLE,TM7SF2,DHCR7,NSDHL	2.75e-13	3.29e-08	(2014) A snapshot of the hepatic transcriptome: ad libitum alcohol intake suppresses expression of cholesterol synthesis genes in alcohol-preferring (P) rats.
PMID	PMID:37560165	6	18	9606	CYP51A1,MSMO1,SC5D,SQLE,TM7SF2,NSDHL	CYP51A1,MSMO1,SC5D,SQLE,TM7SF2,NSDHL	3.73e-13	4.11e-08	(2023) Phthalate exposure and risk of ovarian dysfunction in endometriosis: human and animal data.
PMID	PMID:29862996	6	18	9606	TMEM97,SIGMAR1,TMBIM4,KCNA4,ANK2,ITPR3	TMEM97,SIGMAR1,TMBIM4,KCNA4,ANK2,ITPR3	3.73e-13	4.11e-08	(2018) Sigma-1 receptor: a new player in neuroprotection against chemotherapy-induced peripheral neuropathy.
PMID	PMID:30406035	7	45	9606	CYP51A1,MSMO1,SC5D,SQLE,TM7SF2,DHCR7,HSD3B1	CYP51A1,MSMO1,SC5D,SQLE,TM7SF2,DHCR7,HSD3B1	3.68e-13	4.11e-08	(2018) The Antitumor Activities of Marsdenia tenacissima.
PMID	PMID:27528654	6	19	9606	SIGMAR1,HSPA9,ITPR1,HSPA5,ITPR3,VDAC1	SIGMAR1,HSPA9,ITPR1,HSPA5,ITPR3,VDAC1	4.91e-13	5.15e-08	(2016) ER-Mitochondria contact sites: A new regulator of cellular calcium flux comes into play.
PMID	PMID:36092728	7	48	9606	SIGMAR1,TMBIM4,HSPA9,ITPR1,ANK2,ITPR3,VDAC1	SIGMAR1,TMBIM4,HSPA9,ITPR1,ANK2,ITPR3,VDAC1	5.57e-13	5.73e-08	(2022) The Potential of Small Molecules to Modulate the Mitochondria-Endoplasmic Reticulum Interplay in Alzheimers Disease.
PMID	PMID:38740238	5	5	9606	HSPA9,ITPR1,HSPA5,ITPR3,VDAC1	HSPA9,ITPR1,HSPA5,ITPR3,VDAC1	6.64e-13	6.69e-08	(2024) Mechanism of apoptosis induced by the combined action of acrylamide and Elaidic acid through endoplasmic reticulum stress injury.
PMID	PMID:34601668	5	5	9606	SIGMAR1,HSPA9,ITPR1,ITPR3,VDAC1	SIGMAR1,HSPA9,ITPR1,ITPR3,VDAC1	6.64e-13	6.69e-08	(2021) Sigma-1 Receptor Activation Suppresses Microglia M1 Polarization via Regulating Endoplasmic Reticulum-Mitochondria Contact and Mitochondrial Functions in Stress-Induced Hypertension Rats.
PMID	PMID:34829190	5	5	9606	MSMO1,SC5D,SQLE,TM7SF2,LBR	MSMO1,SC5D,SQLE,TM7SF2,LBR	6.64e-13	6.69e-08	(2021) Sterol Composition Modulates the Response of Saccharomyces cerevisiae to Iron Deficiency.
PMID	PMID:19367604	6	22	9606	SIGMAR1,HSPA9,ITPR1,HSPA5,ITPR3,VDAC1	SIGMAR1,HSPA9,ITPR1,HSPA5,ITPR3,VDAC1	1.04e-12	9.92e-08	(2009) Access of viral proteins to mitochondria via mitochondria-associated membranes.
PMID	PMID:21423550	7	55	9606	SIGMAR1,HSPA9,ITPR1,HSPA5,ANK2,ITPR3,VDAC1	SIGMAR1,HSPA9,ITPR1,HSPA5,ANK2,ITPR3,VDAC1	1.34e-12	1.25e-07	(2011) IP(3) Receptors, Mitochondria, and Ca Signaling: Implications for Aging.
PMID	PMID:25184529	6	24	9606	MSMO1,SC5D,TM7SF2,LBR,DHCR7,NSDHL	MSMO1,SC5D,TM7SF2,LBR,DHCR7,NSDHL	1.64e-12	1.5e-07	(2014) Disorders of cholesterol metabolism and their unanticipated convergent mechanisms of disease.
PMID	PMID:36614266	7	57	9606	SIGMAR1,TMBIM4,HSPA9,HSPA5,ITPR3,VDAC1,OPRM1	SIGMAR1,TMBIM4,HSPA9,HSPA5,ITPR3,VDAC1,OPRM1	1.69e-12	1.53e-07	(2023) Chaperone-Dependent Mechanisms as a Pharmacological Target for Neuroprotection.
PMID	PMID:34712920	7	58	9606	CYP51A1,MSMO1,SC5D,SQLE,TM7SF2,DHCR7,NSDHL	CYP51A1,MSMO1,SC5D,SQLE,TM7SF2,DHCR7,NSDHL	1.89e-12	1.68e-07	(2021) A network-based approach reveals the dysregulated transcriptional regulation in non-alcoholic fatty liver disease.
PMID	PMID:40250732	5	7	9606	CYP51A1,MSMO1,SC5D,SQLE,DHCR7	CYP51A1,MSMO1,SC5D,SQLE,DHCR7	2.08e-12	1.77e-07	(2025) The DHCR7 is the key target of lipotoxic liver injury caused by matrine through abnormal activation of the cholesterol synthesis pathway.
PMID	PMID:37191585	5	7	9606	SIGMAR1,TMBIM4,ITPR1,HSPA5,ITPR3	SIGMAR1,TMBIM4,ITPR1,HSPA5,ITPR3	2.08e-12	1.77e-07	(2023) Development of a Novel sigma1 Receptor Biosensor Based on Its Heterodimerization with Binding Immunoglobulin Protein in Living Cells.
PMID	PMID:35158652	6	25	9606	CYP51A1,MSMO1,SC5D,SQLE,DHCR7,NSDHL	CYP51A1,MSMO1,SC5D,SQLE,DHCR7,NSDHL	2.03e-12	1.77e-07	(2022) RNA Sequencing Analysis Reveals Divergent Adaptive Response to Hypo- and Hyper-Salinity in Greater Amberjack (Seriola dumerili) Juveniles.
PMID	PMID:35784841	6	25	9606	SIGMAR1,HSPA9,ITPR1,HSPA5,ITPR3,VDAC1	SIGMAR1,HSPA9,ITPR1,HSPA5,ITPR3,VDAC1	2.03e-12	1.77e-07	(2022) A Non-Canonical Role for IRE1alpha Links ER and Mitochondria as Key Regulators of Astrocyte Dysfunction: Implications in Methamphetamine use and HIV-Associated Neurocognitive Disorders.
PMID	PMID:24828104	6	25	9606	MSMO1,SC5D,SQLE,TM7SF2,LBR,NSDHL	MSMO1,SC5D,SQLE,TM7SF2,LBR,NSDHL	2.03e-12	1.77e-07	(2014) Genetic profiling of the isoprenoid and sterol biosynthesis pathway genes of Trypanosoma cruzi.
PMID	PMID:20493718	5	7	9606	TMEM97,SIGMAR1,KCNA4,ANK2,KCNH6	TMEM97,SIGMAR1,KCNA4,ANK2,KCNH6	2.08e-12	1.77e-07	(2010) Synthesis and characterization of N,N-dialkyl and N-alkyl-N-aralkyl fenpropimorph-derived compounds as high affinity ligands for sigma receptors.
PMID	PMID:37065701	6	26	9606	MSMO1,SC5D,SQLE,TM7SF2,DHCR7,NSDHL	MSMO1,SC5D,SQLE,TM7SF2,DHCR7,NSDHL	2.5e-12	1.97e-07	(2023) Gypenosides ameliorate high-fat diet-induced nonalcoholic fatty liver disease in mice by regulating lipid metabolism.
PMID	PMID:33240039	6	26	9606	SIGMAR1,HSPA9,ITPR1,HSPA5,ITPR3,VDAC1	SIGMAR1,HSPA9,ITPR1,HSPA5,ITPR3,VDAC1	2.5e-12	1.97e-07	(2020) MERCs. The Novel Assistant to Neurotransmission?
PMID	PMID:26535575	6	26	9606	TMEM97,ERG28,MSMO1,SQLE,TM7SF2,DHCR7	TMEM97,ERG28,MSMO1,SQLE,TM7SF2,DHCR7	2.5e-12	1.97e-07	(2015) Impact of Statins on Gene Expression in Human Lung Tissues.
PMID	PMID:35741091	7	61	9606	SIGMAR1,TMBIM4,HSPA9,ITPR1,HSPA5,ITPR3,VDAC1	SIGMAR1,TMBIM4,HSPA9,ITPR1,HSPA5,ITPR3,VDAC1	2.63e-12	1.99e-07	(2022) Dysregulated Ca(2+) Homeostasis as a Central Theme in Neurodegeneration: Lessons from Alzheimers Disease and Wolfram Syndrome.
PMID	PMID:33327665	7	61	9606	SIGMAR1,HSPA9,ITPR1,HSPA5,ANK2,ITPR3,VDAC1	SIGMAR1,HSPA9,ITPR1,HSPA5,ANK2,ITPR3,VDAC1	2.63e-12	1.99e-07	(2020) Molecular Dysfunctions of Mitochondria-Associated Membranes (MAMs) in Alzheimers Disease.
PMID	PMID:33678551	7	62	9606	SIGMAR1,TMBIM4,HSPA9,ITPR1,HSPA5,ITPR3,VDAC1	SIGMAR1,TMBIM4,HSPA9,ITPR1,HSPA5,ITPR3,VDAC1	2.92e-12	2.15e-07	(2021) Balancing ER-Mitochondrial Ca(2+) Fluxes in Health and Disease.
PMID	PMID:35252766	6	27	9606	CYP51A1,MSMO1,SC5D,SQLE,DHCR7,NSDHL	CYP51A1,MSMO1,SC5D,SQLE,DHCR7,NSDHL	3.05e-12	2.21e-07	(2022) Effects of the Phytochemical Combination PB123 on Nrf2 Activation, Gene Expression, and the Cholesterol Pathway in HepG2 Cells.
PMID	PMID:29703166	6	27	9606	CYP51A1,MSMO1,SC5D,SQLE,DHCR7,NSDHL	CYP51A1,MSMO1,SC5D,SQLE,DHCR7,NSDHL	3.05e-12	2.21e-07	(2018) Cholesterol synthesis pathway genes in prostate cancer are transcriptionally downregulated when tissue confounding is minimized.
PMID	PMID:37535861	5	8	9606	TMEM97,SIGMAR1,TMBIM4,HSPA5,OPRM1	TMEM97,SIGMAR1,TMBIM4,HSPA5,OPRM1	3.38e-12	2.38e-07	(2023) Discovery of AD258 as a Sigma Receptor Ligand with Potent Antiallodynic Activity.
PMID	PMID:34201401	5	8	9606	TMEM97,MSMO1,SQLE,SIGMAR1,KCNH6	TMEM97,MSMO1,SQLE,SIGMAR1,KCNH6	3.38e-12	2.38e-07	(2021) In Vitro Confirmation of Siramesine as a Novel Antifungal Agent with In Silico Lead Proposals of Structurally Related Antifungals.
PMID	PMID:33867942	6	28	9606	SIGMAR1,HSPA9,ITPR1,HSPA5,ITPR3,VDAC1	SIGMAR1,HSPA9,ITPR1,HSPA5,ITPR3,VDAC1	3.7e-12	2.54e-07	(2021) The Role of Mitochondrial Dysfunction and ER Stress in TDP-43 and C9ORF72 ALS.
PMID	PMID:31657721	6	29	9606	CYP51A1,SC5D,SQLE,TM7SF2,DHCR7,NSDHL	CYP51A1,SC5D,SQLE,TM7SF2,DHCR7,NSDHL	4.46e-12	3.02e-07	(2019) Cholesterol accessibility at the ciliary membrane controls hedgehog signaling.
PMID	PMID:29156692	6	29	9606	CYP51A1,MSMO1,SC5D,SQLE,TM7SF2,DHCR7	CYP51A1,MSMO1,SC5D,SQLE,TM7SF2,DHCR7	4.46e-12	3.02e-07	(2017) Increased transcriptional and metabolic capacity for lipid metabolism in the peripheral zone of the prostate may underpin its increased susceptibility to cancer.
PMID	PMID:37240331	7	67	9606	SIGMAR1,HSPA9,ITPR1,HSPA5,ANK2,ITPR3,VDAC1	SIGMAR1,HSPA9,ITPR1,HSPA5,ANK2,ITPR3,VDAC1	4.86e-12	3.2e-07	(2023) Calciums Role in Orchestrating Cancer Apoptosis: Mitochondrial-Centric Perspective.
PMID	PMID:40799639	5	9	9606	SIGMAR1,HSPA9,ITPR1,ITPR3,VDAC1	SIGMAR1,HSPA9,ITPR1,ITPR3,VDAC1	5.25e-12	3.42e-07	(2025) Cardioprotective effect of Yiqi Huoxue decoction on post-myocardial infarction injury mediated by Ca(2+) flux through MAMs.
PMID	PMID:36958722	6	30	9606	CYP51A1,ERG28,MSMO1,SQLE,DHCR7,NSDHL	CYP51A1,ERG28,MSMO1,SQLE,DHCR7,NSDHL	5.34e-12	3.42e-07	(2023) Cholesterol synthesis enzyme SC4MOL is fine-tuned by sterols and targeted for degradation by the E3 ligase MARCHF6.
PMID	PMID:34736882	7	68	9606	TMEM97,SIGMAR1,ITPR1,HSPA5,KCNA4,ITPR3,VDAC1	TMEM97,SIGMAR1,ITPR1,HSPA5,KCNA4,ITPR3,VDAC1	5.35e-12	3.42e-07	(2022) Revisiting the sigma-1 receptor as a biological target to treat affective and cognitive disorders.
PMID	PMID:32526921	5	9	9606	CYP51A1,MSMO1,SQLE,TM7SF2,LBR	CYP51A1,MSMO1,SQLE,TM7SF2,LBR	5.25e-12	3.42e-07	(2020) Candidiasis and Mechanisms of Antifungal Resistance.
PMID	PMID:22007308	6	30	9606	CYP51A1,MSMO1,SC5D,SQLE,TM7SF2,DHCR7	CYP51A1,MSMO1,SC5D,SQLE,TM7SF2,DHCR7	5.34e-12	3.42e-07	(2011) Mechanism of resistance to dietary cholesterol.
PMID	PMID:20333205	5	9	9606	ERG28,MSMO1,SQLE,TM7SF2,DHCR7	ERG28,MSMO1,SQLE,TM7SF2,DHCR7	5.25e-12	3.42e-07	(2009) Phylogenomics of sterol synthesis: insights into the origin, evolution, and diversity of a key eukaryotic feature.
PMID	PMID:31780884	6	31	9606	SIGMAR1,ITPR1,HSPA5,KCNA4,DRD2,ITPR3	SIGMAR1,ITPR1,HSPA5,KCNA4,DRD2,ITPR3	6.37e-12	3.86e-07	(2019) The Sigma-1 Receptor: When Adaptive Regulation of Cell Electrical Activity Contributes to Stimulant Addiction and Cancer.
PMID	PMID:36776252	6	32	9606	SIGMAR1,HSPA9,ITPR1,HSPA5,ITPR3,VDAC1	SIGMAR1,HSPA9,ITPR1,HSPA5,ITPR3,VDAC1	7.56e-12	4.52e-07	(2023) Mitochondria-associated endoplasmic reticulum membranes (MAMs): Possible therapeutic targets in heart failure.
PMID	PMID:36069933	6	32	9606	CYP51A1,SC5D,SQLE,TM7SF2,DHCR7,CH25H	CYP51A1,SC5D,SQLE,TM7SF2,DHCR7,CH25H	7.56e-12	4.52e-07	(2022) Piezo1 regulates cholesterol biosynthesis to influence neural stem cell fate during brain development.
PMID	PMID:35743175	5	10	9606	TMEM97,SIGMAR1,ITPR1,HSPA5,ITPR3	TMEM97,SIGMAR1,ITPR1,HSPA5,ITPR3	7.87e-12	4.6e-07	(2022) EST79232 and EST79376, Two Novel Sigma-1 Receptor Ligands, Exert Neuroprotection on Models of Motoneuron Degeneration.
PMID	PMID:35908039	6	33	9606	CYP51A1,MSMO1,SC5D,SQLE,DHCR7,NSDHL	CYP51A1,MSMO1,SC5D,SQLE,DHCR7,NSDHL	8.93e-12	5.16e-07	(2022) Cholesterol sulfate alleviates ulcerative colitis by promoting cholesterol biosynthesis in colonic epithelial cells.
PMID	PMID:34054419	6	34	9606	CYP51A1,MSMO1,SC5D,TM7SF2,DHCR7,NSDHL	CYP51A1,MSMO1,SC5D,TM7SF2,DHCR7,NSDHL	1.05e-11	6e-07	(2021) Multi-Dimensional Transcriptome Analysis Reveals Modulation of Cholesterol Metabolism as Highly Integrated Response to Brain Injury.
PMID	PMID:34440085	6	34	9606	SIGMAR1,HSPA9,ITPR1,HSPA5,ITPR3,VDAC1	SIGMAR1,HSPA9,ITPR1,HSPA5,ITPR3,VDAC1	1.05e-11	6e-07	(2021) Structural and Functional Alterations in Mitochondria-Associated Membranes (MAMs) and in Mitochondria Activate Stress Response Mechanisms in an In Vitro Model of Alzheimers Disease.
PMID	PMID:27088037	6	34	9606	TMEM97,SIGMAR1,ITPR1,HSPA5,DRD2,ITPR3	TMEM97,SIGMAR1,ITPR1,HSPA5,DRD2,ITPR3	1.05e-11	6e-07	(2016) Potential Molecular Mechanisms on the Role of the Sigma-1 Receptor in the Action of Cocaine and Methamphetamine.
PMID	PMID:26646011	6	34	9606	CYP51A1,SC5D,SQLE,TM7SF2,DHCR7,NSDHL	CYP51A1,SC5D,SQLE,TM7SF2,DHCR7,NSDHL	1.05e-11	6e-07	(2015) Transcriptomic Analysis of Chronic Hepatitis B and C and Liver Cancer Reveals MicroRNA-Mediated Control of Cholesterol Synthesis Programs.
PMID	PMID:36979594	5	11	9606	HSPA9,ITPR1,HSPA5,ITPR3,VDAC1	HSPA9,ITPR1,HSPA5,ITPR3,VDAC1	1.14e-11	6.26e-07	(2023) Simultaneous Measurement of Changes in Mitochondrial and Endoplasmic Reticulum Free Calcium in Pancreatic Beta Cells.
PMID	PMID:34131078	5	11	9606	CYP51A1,MSMO1,SQLE,DHCR7,KCNH6	CYP51A1,MSMO1,SQLE,DHCR7,KCNH6	1.14e-11	6.26e-07	(2021) Evolution of bacterial steroid biosynthesis and its impact on eukaryogenesis.
PMID	PMID:23324054	5	11	9606	TMEM97,SIGMAR1,HSPA5,ANK2,ITPR3	TMEM97,SIGMAR1,HSPA5,ANK2,ITPR3	1.14e-11	6.26e-07	(2013) Photoaffinity labeling of the sigma-1 receptor with N-[3-(4-nitrophenyl)propyl]-N-dodecylamine: evidence of receptor dimers.
PMID	PMID:30069000	7	77	9606	CYP51A1,MSMO1,SC5D,SQLE,TM7SF2,DHCR7,NSDHL	CYP51A1,MSMO1,SC5D,SQLE,TM7SF2,DHCR7,NSDHL	1.21e-11	6.43e-07	(2018) Analysis of diet-induced differential methylation, expression, and interactions of lncRNA and protein-coding genes in mouse liver.
PMID	PMID:30075336	6	35	9606	TMEM97,SIGMAR1,ITPR1,HSPA5,ANK2,ITPR3	TMEM97,SIGMAR1,ITPR1,HSPA5,ANK2,ITPR3	1.23e-11	6.45e-07	(2018) Sigma 1 receptor: A novel therapeutic target in retinal disease.
PMID	PMID:18070364	6	35	9606	TMEM97,MSMO1,SC5D,SQLE,DHCR7,NSDHL	TMEM97,MSMO1,SC5D,SQLE,DHCR7,NSDHL	1.23e-11	6.45e-07	(2007) Coordinate up-regulation of TMEM97 and cholesterol biosynthesis genes in normal ovarian surface epithelial cells treated with progesterone: implications for pathogenesis of ovarian cancer.
PMID	PMID:37020304	6	36	9606	CYP51A1,SC5D,SQLE,TM7SF2,LBR,DHCR7	CYP51A1,SC5D,SQLE,TM7SF2,LBR,DHCR7	1.43e-11	7.37e-07	(2023) Sulfur, sterol and trehalose metabolism in the deep-sea hydrocarbon seep tubeworm Lamellibrachia luymesi.
RCTM	HSA-191273	8	27	9606	CYP51A1,MSMO1,SC5D,SQLE,TM7SF2,LBR,DHCR7,NSDHL	CYP51A1,MSMO1,SC5D,SQLE,TM7SF2,LBR,DHCR7,NSDHL	6.34e-17	1.45e-13	Cholesterol biosynthesis
RCTM	HSA-8957322	11	153	9606	CYP51A1,MSMO1,SC5D,SQLE,TM7SF2,HSD3B7,LBR,DHCR7,HSD3B1,NSDHL,CH25H	CYP51A1,MSMO1,SC5D,SQLE,TM7SF2,HSD3B7,LBR,DHCR7,HSD3B1,NSDHL,CH25H	6.48e-17	1.45e-13	Metabolism of steroids
RCTM	HSA-2426168	5	42	9606	CYP51A1,SC5D,SQLE,TM7SF2,DHCR7	CYP51A1,SC5D,SQLE,TM7SF2,DHCR7	3.91e-09	2.23e-06	Activation of gene expression by SREBF (SREBP)
RCTM	HSA-1430728	14	2092	9606	CYP51A1,MSMO1,SC5D,SQLE,TM7SF2,HSD3B7,ITPR1,LBR,DHCR7,HSD3B1,NSDHL,CH25H,ITPR3,VDAC1	CYP51A1,MSMO1,SC5D,SQLE,TM7SF2,HSD3B7,ITPR1,LBR,DHCR7,HSD3B1,NSDHL,CH25H,ITPR3,VDAC1	6.67e-08	2.54e-05	Metabolism
RCTM	HSA-6807047	2	4	9606	SC5D,DHCR7	SC5D,DHCR7	2.5e-05	0.0081	Cholesterol biosynthesis via desmosterol
RCTM	HSA-6807062	2	4	9606	SC5D,DHCR7	SC5D,DHCR7	2.5e-05	0.0081	Cholesterol biosynthesis via lathosterol
RCTM	HSA-5607763	2	11	9606	ITPR1,ITPR3	ITPR1,ITPR3	0.00013	0.0328	CLEC7A (Dectin-1) induces NFAT activation
WikiPathways	WP5329	11	111	9606	CYP51A1,ERG28,MSMO1,SC5D,TM7SF2,HSD3B7,LBR,DHCR7,HSD3B1,NSDHL,CH25H	CYP51A1,ERG28,MSMO1,SC5D,TM7SF2,HSD3B7,LBR,DHCR7,HSD3B1,NSDHL,CH25H	2.28e-18	1.78e-15	Cholesterol biosynthesis pathway in hepatocytes
WikiPathways	WP4718	9	47	9606	CYP51A1,MSMO1,SC5D,SQLE,TM7SF2,LBR,DHCR7,NSDHL,CH25H	CYP51A1,MSMO1,SC5D,SQLE,TM7SF2,LBR,DHCR7,NSDHL,CH25H	1.84e-17	7.17e-15	Cholesterol metabolism with Bloch and Kandutsch-Russell pathways
WikiPathways	WP5304	9	72	9606	CYP51A1,MSMO1,SC5D,SQLE,TM7SF2,LBR,DHCR7,NSDHL,VDAC1	CYP51A1,MSMO1,SC5D,SQLE,TM7SF2,LBR,DHCR7,NSDHL,VDAC1	6.2e-16	1.23e-13	Cholesterol metabolism
WikiPathways	WP5333	8	36	9606	CYP51A1,MSMO1,SC5D,SQLE,TM7SF2,LBR,DHCR7,NSDHL	CYP51A1,MSMO1,SC5D,SQLE,TM7SF2,LBR,DHCR7,NSDHL	4.74e-16	1.23e-13	Cholesterol metabolism
WikiPathways	WP197	6	15	9606	CYP51A1,MSMO1,SC5D,SQLE,DHCR7,NSDHL	CYP51A1,MSMO1,SC5D,SQLE,DHCR7,NSDHL	1.51e-13	2.36e-11	Cholesterol biosynthesis pathway
WikiPathways	WP5193	6	18	9606	CYP51A1,MSMO1,SC5D,SQLE,LBR,DHCR7	CYP51A1,MSMO1,SC5D,SQLE,LBR,DHCR7	3.73e-13	4.86e-11	Cholesterol synthesis disorders
WikiPathways	WP4804	5	7	9606	CYP51A1,SC5D,LBR,DHCR7,NSDHL	CYP51A1,SC5D,LBR,DHCR7,NSDHL	2.08e-12	2.32e-10	Cholesterol biosynthesis with skeletal dysplasias
WikiPathways	WP5323	8	380	9606	CYP51A1,MSMO1,TM7SF2,LBR,DHCR7,ANK2,NSDHL,VDAC1	CYP51A1,MSMO1,TM7SF2,LBR,DHCR7,ANK2,NSDHL,VDAC1	2.39e-08	2.33e-06	Fatty Acids and Lipoproteins Transport in Hepatocytes
WikiPathways	WP4756	3	44	9606	ITPR1,HSD3B1,ITPR3	ITPR1,HSD3B1,ITPR3	3.17e-05	0.0028	Renin-angiotensin-aldosterone system (RAAS)
WikiPathways	WP4545	3	48	9606	HSD3B7,DHCR7,CH25H	HSD3B7,DHCR7,CH25H	4.06e-05	0.0032	Oxysterols derived from cholesterol
HPO	HP:0003107	6	98	9606	MSMO1,SC5D,HSD3B7,LBR,DHCR7,NSDHL	MSMO1,SC5D,HSD3B7,LBR,DHCR7,NSDHL	3.92e-09	4.79e-05	Abnormal circulating cholesterol concentration
HPO	HP:0003146	3	13	9606	MSMO1,HSD3B7,DHCR7	MSMO1,HSD3B7,DHCR7	1.13e-06	0.0046	Hypocholesterolemia
HPO	HP:0010655	3	33	9606	LBR,DHCR7,NSDHL	LBR,DHCR7,NSDHL	1.41e-05	0.0344	Epiphyseal stippling
NetworkNeighborAL	CL:9561	12	30	9606	CYP51A1,ERG28,MSMO1,SC5D,SQLE,SIGMAR1,TM7SF2,HSD3B7,FAXDC2,DHCR7,NSDHL,CH25H	CYP51A1,ERG28,MSMO1,SC5D,SQLE,SIGMAR1,TM7SF2,HSD3B7,FAXDC2,DHCR7,NSDHL,CH25H	1.45e-26	6.64e-23	Cholesterol biosynthesis, and Primary bile acid biosynthesis
NetworkNeighborAL	CL:9563	10	22	9606	CYP51A1,ERG28,MSMO1,SC5D,SQLE,SIGMAR1,TM7SF2,FAXDC2,DHCR7,NSDHL	CYP51A1,ERG28,MSMO1,SC5D,SQLE,SIGMAR1,TM7SF2,FAXDC2,DHCR7,NSDHL	1.38e-22	2.1e-19	Cholesterol biosynthesis
NetworkNeighborAL	CL:9386	13	129	9606	CYP51A1,ERG28,MSMO1,SC5D,SQLE,SIGMAR1,TM7SF2,HSD3B7,FAXDC2,DHCR7,HSD3B1,NSDHL,CH25H	CYP51A1,ERG28,MSMO1,SC5D,SQLE,SIGMAR1,TM7SF2,HSD3B7,FAXDC2,DHCR7,HSD3B1,NSDHL,CH25H	7.64e-22	8.74e-19	Steroid hormone biosynthesis, and Oxidation by cytochrome P450
NetworkNeighborAL	CL:9565	7	12	9606	CYP51A1,MSMO1,SC5D,SQLE,TM7SF2,DHCR7,NSDHL	CYP51A1,MSMO1,SC5D,SQLE,TM7SF2,DHCR7,NSDHL	1.42e-16	1.09e-13	Steroid biosynthesis
NetworkNeighborAL	CL:9567	4	7	9606	CYP51A1,MSMO1,SQLE,NSDHL	CYP51A1,MSMO1,SQLE,NSDHL	7.78e-10	5.08e-07	Cholesterol biosynthesis pathway
NetworkNeighborAL	CL:9607	2	7	9606	HSD3B7,CH25H	HSD3B7,CH25H	5.98e-05	0.0342	Primary bile acid biosynthesis
