target,tm_score_query_normalised,tm_score_alignment_normalised,lddt,identity,alignment_length,evalue,interpretation
Q08431,0.1703,0.3319,0.2486,0.084,118,0.05899,indistinguishable from random structure pairs
P01024,0.1653,0.5369,0.3556,0.067,59,20.03,indistinguishable from random structure pairs
P02751,0.1608,0.2848,0.2457,0.101,178,1.223,indistinguishable from random structure pairs
P02747,0.1583,0.3318,0.2868,0.084,83,0.02566,indistinguishable from random structure pairs
P47929,0.153,0.2992,0.2049,0.105,133,3.783,indistinguishable from random structure pairs
P01023,0.1475,0.3687,0.2417,0.125,72,0.675,indistinguishable from random structure pairs
P63104,0.1329,0.6522,0.3485,0.142,35,14.57,indistinguishable from random structure pairs
P02746,0.1328,0.2539,0.234,0.088,90,0.02279,indistinguishable from random structure pairs
P02745,0.1323,0.238,0.2151,0.115,104,0.01257,indistinguishable from random structure pairs
P61278,0.131,0.3917,0.3937,0.253,67,15.4,indistinguishable from random structure pairs
P04264,0.1304,0.448,0.4488,0.229,61,10.33,indistinguishable from random structure pairs
P01236,0.1272,0.7204,0.3826,0.133,30,22.99,indistinguishable from random structure pairs
P62258,0.1229,0.3382,0.3085,0.191,47,14.57,indistinguishable from random structure pairs
P27348,0.1211,0.402,0.3196,0.146,41,27.19,indistinguishable from random structure pairs
P02768,0.1205,0.4114,0.2803,0.177,45,18.1,indistinguishable from random structure pairs
P10909,0.1201,0.5437,0.352,0.2,45,14.57,indistinguishable from random structure pairs
P69905,0.1197,0.3975,0.314,0.069,43,15.4,indistinguishable from random structure pairs
P61981,0.1195,0.4024,0.3257,0.2,40,9.191,indistinguishable from random structure pairs
P02788,0.1182,0.1782,0.2186,0.131,145,14.57,indistinguishable from random structure pairs
P10092,0.118,0.3473,0.3563,0.173,69,15.4,indistinguishable from random structure pairs
P04156,0.1159,0.3308,0.2892,0.132,53,29.11,indistinguishable from random structure pairs
P0DOX8,0.1153,0.2426,0.186,0.123,97,19.05,indistinguishable from random structure pairs
P81605,0.1148,0.6623,0.5693,0.156,32,22.99,indistinguishable from random structure pairs
Q9Y6H5,0.1135,0.4426,0.2546,0.184,38,20.03,indistinguishable from random structure pairs
P06727,0.1129,0.5959,0.3654,0.058,34,16.27,indistinguishable from random structure pairs
P00441,0.1124,0.2175,0.2044,0.084,107,11.6,indistinguishable from random structure pairs
P37840,0.1099,0.4678,0.3196,0.105,38,29.13,indistinguishable from random structure pairs
P05231,0.1085,0.7003,0.3297,0.068,29,13.77,indistinguishable from random structure pairs
P05067,0.1073,0.5349,0.3052,0.156,32,25.72,indistinguishable from random structure pairs
P02652,0.1066,0.4056,0.3025,0.159,44,22.99,indistinguishable from random structure pairs
O00468,0.106,0.1747,0.1795,0.133,142,2.811,indistinguishable from random structure pairs
P02743,0.1034,0.1794,0.1663,0.106,141,28.59,indistinguishable from random structure pairs
P02656,0.1033,0.5599,0.3452,0.222,36,27.77,indistinguishable from random structure pairs
O75923,0.103,0.4226,0.2273,0.129,54,20.03,indistinguishable from random structure pairs
P0DOX7,0.1025,0.2259,0.1773,0.074,108,7.704,indistinguishable from random structure pairs
Q9GZZ8,0.1005,0.4307,0.4143,0.084,59,21.02,indistinguishable from random structure pairs
P0DOX5,0.1001,0.1907,0.1662,0.13,107,29.13,indistinguishable from random structure pairs
P0DOX6,0.0988,0.2203,0.1624,0.13,107,29.13,indistinguishable from random structure pairs
P13647,0.0983,0.3447,0.3462,0.25,68,21.02,indistinguishable from random structure pairs
P02655,0.0961,0.3688,0.3715,0.169,59,25.72,indistinguishable from random structure pairs
P02748,0.0954,0.2973,0.1892,0.049,61,15.4,indistinguishable from random structure pairs
P62736,0.0919,0.1995,0.1684,0.086,92,2.352,indistinguishable from random structure pairs
O75056,0.091,0.2524,0.2867,0.205,39,27.19,indistinguishable from random structure pairs
P10997,0.0893,0.4014,0.3949,0.183,60,24.86,indistinguishable from random structure pairs
P60709,0.0892,0.2308,0.1817,0.102,98,2.216,indistinguishable from random structure pairs
P63261,0.0891,0.2298,0.1809,0.102,98,1.747,indistinguishable from random structure pairs
P35052,0.0872,0.2888,0.2209,0.317,41,6.846,indistinguishable from random structure pairs
P07339,0.0872,0.1416,0.1166,0.064,186,26.5,indistinguishable from random structure pairs
P02647,0.0861,0.3702,0.3667,0.16,56,29.07,indistinguishable from random structure pairs
P25311,0.0858,0.1607,0.1948,0.138,101,2.496,indistinguishable from random structure pairs
P02649,0.0851,0.3439,0.2479,0.155,45,15.4,indistinguishable from random structure pairs
P01011,0.0848,0.3158,0.1527,0.033,59,4.798,indistinguishable from random structure pairs
P01258,0.0841,0.2524,0.3564,0.2,75,23.95,indistinguishable from random structure pairs
O14960,0.0838,0.144,0.1581,0.08,112,7.262,indistinguishable from random structure pairs
Q9Y287,0.0827,0.3961,0.141,0.0,32,5.732,indistinguishable from random structure pairs
P01009,0.0826,0.3139,0.1964,0.066,105,1.462,indistinguishable from random structure pairs
P01160,0.0817,0.2924,0.3063,0.173,69,17.17,indistinguishable from random structure pairs
P06396,0.081,0.1752,0.2071,0.119,84,6.846,indistinguishable from random structure pairs
P01034,0.0807,0.1262,0.2358,0.1,190,21.02,indistinguishable from random structure pairs
P0DOX4,0.0797,0.2027,0.1743,0.086,104,29.13,indistinguishable from random structure pairs
P68104,0.0795,0.1256,0.1709,0.065,215,2.216,indistinguishable from random structure pairs
P34741,0.0789,0.3172,0.2698,0.212,47,13.77,indistinguishable from random structure pairs
P0DOX2,0.0755,0.1703,0.1696,0.123,97,29.13,indistinguishable from random structure pairs
P18827,0.0751,0.318,0.2495,0.17,47,13.01,indistinguishable from random structure pairs
P61769,0.0732,0.1428,0.1785,0.081,135,0.4452,indistinguishable from random structure pairs
A1E959,0.0693,0.4026,0.2795,0.095,42,29.07,indistinguishable from random structure pairs
P68871,0.0689,0.4723,0.2139,0.218,32,15.4,indistinguishable from random structure pairs
P61626,0.0687,0.5513,0.1891,0.38,21,19.05,indistinguishable from random structure pairs
P01308,0.0685,0.6783,0.3718,0.388,18,22.01,indistinguishable from random structure pairs
P46821,0.0678,0.3029,0.1344,0.047,21,7.704,indistinguishable from random structure pairs
P04279,0.0664,0.3705,0.3025,0.193,31,28.83,indistinguishable from random structure pairs
P02766,0.0664,0.2916,0.184,0.121,33,25.72,indistinguishable from random structure pairs
P02671,0.0663,0.2548,0.1767,0.193,31,29.13,indistinguishable from random structure pairs
P10636,0.0583,1.045,0.58,0.384,13,26.5,indistinguishable from random structure pairs
Q15582,0.0566,0.5467,0.2932,0.2,15,9.191,indistinguishable from random structure pairs
P0DJI8,0.0537,0.1955,0.2473,0.162,43,14.57,indistinguishable from random structure pairs
P05060,0.0532,0.1592,0.159,0.368,19,24.86,indistinguishable from random structure pairs
P0DJI9,0.0525,0.2045,0.2549,0.217,46,18.1,indistinguishable from random structure pairs
P07858,0.0512,0.2096,0.0785,0.142,21,26.5,indistinguishable from random structure pairs
P02533,0.0441,0.2325,0.1447,0.06,33,25.72,indistinguishable from random structure pairs
Q15517,0.0369,0.3805,0.1864,0.416,12,21.02,indistinguishable from random structure pairs
